[{
  "_id": {
    "$oid": "5f6b541ba68f460824ee5a33"
  },
  "itemId": 1,
  "itemName": "Men's Tshirt",
  "itemCategory": "men",
  "itemDescription": "A cotton T-shirt",
  "itemPrice": 499,
  "itemImageName": "../../assets/men1.jpg"
},{
  "_id": {
    "$oid": "5f6b5461a68f460824ee5a34"
  },
  "itemId": 2,
  "itemName": "Men's Jeans",
  "itemCategory": "men",
  "itemDescription": "A blue denim jeans.",
  "itemPrice": 799,
  "itemImageName": "../../assets/men2.jpg"
},{
  "_id": {
    "$oid": "5f6b54aea68f460824ee5a35"
  },
  "itemId": 3,
  "itemName": "Men's Sneaker",
  "itemCategory": "men",
  "itemDescription": "White sneakers with brown sole",
  "itemPrice": 549,
  "itemImageName": "../../assets/men3.jpg"
},{
  "_id": {
    "$oid": "5f6b550aa68f460824ee5a36"
  },
  "itemId": 4,
  "itemName": "Men's Belt",
  "itemCategory": "men",
  "itemDescription": "A durable leather belt",
  "itemPrice": 399,
  "itemImageName": "../../assets/men4.jpg"
},{
  "_id": {
    "$oid": "5f6b555ba68f460824ee5a37"
  },
  "itemId": 5,
  "itemName": "Sony Headphone",
  "itemCategory": "electronics",
  "itemDescription": "Headphone with great sound and noise cancellation",
  "itemPrice": 1099,
  "itemImageName": "../../assets/elect1.jfif"
},{
  "_id": {
    "$oid": "5f6b55e4a68f460824ee5a38"
  },
  "itemId": 6,
  "itemName": "Oppo Smartphone",
  "itemCategory": "electronics",
  "itemDescription": "Smartphone with high processing power and memory which suits you to play games anywhere due to it's long lasting battery backup",
  "itemPrice": 8999,
  "itemImageName": "../../assets/elect2.jfif"
},{
  "_id": {
    "$oid": "5f6b5649a68f460824ee5a39"
  },
  "itemId": 7,
  "itemName": "Television",
  "itemCategory": "electronics",
  "itemDescription": "32-inch TV with great audio and video quality",
  "itemPrice": 24999,
  "itemImageName": "../../assets/elect3.jfif"
},{
  "_id": {
    "$oid": "5f6b569fa68f460824ee5a3a"
  },
  "itemId": 8,
  "itemName": "MI Laptop",
  "itemCategory": "electronics",
  "itemDescription": "14-inch laptop with long lasting battery and I-5 7th gen intel processor and 8GB RAM",
  "itemPrice": 45999,
  "itemImageName": "../../assets/elect4.jfif"
},{
  "_id": {
    "$oid": "5f6b56e9a68f460824ee5a3b"
  },
  "itemId": 9,
  "itemName": "Girl's Shirt",
  "itemCategory": "kids",
  "itemDescription": "A cotton printed shirt for girls",
  "itemPrice": 449,
  "itemImageName": "../../assets/kids1.jpg"
},{
  "_id": {
    "$oid": "5f6b570ca68f460824ee5a3c"
  },
  "itemId": 10,
  "itemName": "Boy's Shirt",
  "itemCategory": "kids",
  "itemDescription": "A cotton shirt for boys",
  "itemPrice": 399,
  "itemImageName": "../../assets/kids2.jpg"
},{
  "_id": {
    "$oid": "5f6b5748a68f460824ee5a3d"
  },
  "itemId": 11,
  "itemName": "Frock Dress",
  "itemCategory": "kids",
  "itemDescription": "A maroon frock dress for girls",
  "itemPrice": 699,
  "itemImageName": "../../assets/kids3.jpg"
},{
  "_id": {
    "$oid": "5f6b5783a68f460824ee5a3e"
  },
  "itemId": 12,
  "itemName": "Boy's Shoes",
  "itemCategory": "kids",
  "itemDescription": "Comfortable blue and white shoes for kids",
  "itemPrice": 449,
  "itemImageName": "../../assets/kids4.jpg"
},{
  "_id": {
    "$oid": "5f6b57d0a68f460824ee5a3f"
  },
  "itemId": 13,
  "itemName": "Cricket Kit",
  "itemCategory": "sports",
  "itemDescription": "Complete cricket kit by KLAPP",
  "itemPrice": 3999,
  "itemImageName": "../../assets/sports1.jpg"
},{
  "_id": {
    "$oid": "5f6b5802a68f460824ee5a40"
  },
  "itemId": 14,
  "itemName": "Football",
  "itemCategory": "sports",
  "itemDescription": "Football from NIVEA suitable for all weather conditions",
  "itemPrice": 799,
  "itemImageName": "../../assets/sports2.jpg"
},{
  "_id": {
    "$oid": "5f6b583ca68f460824ee5a41"
  },
  "itemId": 15,
  "itemName": "Yoga matress",
  "itemCategory": "sports",
  "itemDescription": "Soft and durable yoga matress from BRAND VILLA",
  "itemPrice": 999,
  "itemImageName": "../../assets/sports3.jpg"
},{
  "_id": {
    "$oid": "5f6b5882a68f460824ee5a42"
  },
  "itemId": 16,
  "itemName": "Badmintion Racquet",
  "itemCategory": "sports",
  "itemDescription": "Badminton racquet from YONEX",
  "itemPrice": 1099,
  "itemImageName": "../../assets/sports4.jpg"
},{
  "_id": {
    "$oid": "5f6b58c5a68f460824ee5a43"
  },
  "itemId": 17,
  "itemName": "Saree",
  "itemCategory": "women",
  "itemDescription": "Cotton Saree from the poplar brand",
  "itemPrice": 849,
  "itemImageName": "../../assets/women1.jpg"
},{
  "_id": {
    "$oid": "5f6b5900a68f460824ee5a44"
  },
  "itemId": 18,
  "itemName": "Suit",
  "itemCategory": "women",
  "itemDescription": "Cotton suit in blue and green colour",
  "itemPrice": 1249,
  "itemImageName": "../../assets/women2.jpg"
},{
  "_id": {
    "$oid": "5f6b5929a68f460824ee5a45"
  },
  "itemId": 19,
  "itemName": "Sandal",
  "itemCategory": "women",
  "itemDescription": "Flat pink coloured sandals",
  "itemPrice": 699,
  "itemImageName": "../../assets/women3.jpg"
},{
  "_id": {
    "$oid": "5f6b5978a68f460824ee5a46"
  },
  "itemId": 20,
  "itemName": "Bag for Women",
  "itemCategory": "women",
  "itemDescription": "Blue coloured leather bag for women",
  "itemPrice": 999,
  "itemImageName": "../../assets/women4.jpg"
}]